<Customization level="30000" description="POS database - DZ V1.0" product-version="24.210">
    <Graph ClassName="PRL_POS_Sales" Source="#CDATA" IsNew="True" FileType="NewDac">
        <CDATA name="Source"><![CDATA[using System;
using PX.Data;

namespace PRL_POS_Sales
{
  [Serializable]
  [PXCacheName("PRL_POS_Sales")]
  public class PRL_POS_Sales : PXBqlTable, IBqlTable
    {
        #region RecordID
        [PXDBIdentity(IsKey = true)]
        public virtual int? RecordID { get; set; }
        public abstract class recordID : PX.Data.BQL.BqlInt.Field<recordID> { }
        #endregion

        #region CompanyID
        [PXDBInt]
        [PXDefault(1)]
        public virtual int? CompanyID { get; set; }
        public abstract class companyID : PX.Data.BQL.BqlInt.Field<companyID> { }
        #endregion

        #region Customer
        [PXDBString(100)]
        public virtual string Customer { get; set; }
        public abstract class customer : PX.Data.BQL.BqlString.Field<customer> { }
        #endregion

        #region SoldToName
        [PXDBString(100)]
        public virtual string SoldToName { get; set; }
        public abstract class soldToName : PX.Data.BQL.BqlString.Field<soldToName> { }
        #endregion

        #region SaleDate
        [PXDBDate]
        public virtual DateTime? SaleDate { get; set; }
        public abstract class saleDate : PX.Data.BQL.BqlDateTime.Field<saleDate> { }
        #endregion

        #region PiiPartNumber
        [PXDBString(50)]
        public virtual string PiiPartNumber { get; set; }
        public abstract class piiPartNumber : PX.Data.BQL.BqlString.Field<piiPartNumber> { }
        #endregion

        #region PiiCategory
        [PXDBString(50)]
        public virtual string PiiCategory { get; set; }
        public abstract class piiCategory : PX.Data.BQL.BqlString.Field<piiCategory> { }
        #endregion

        #region ShipQuantity
        [PXDBInt]
        public virtual int? ShipQuantity { get; set; }
        public abstract class shipQuantity : PX.Data.BQL.BqlInt.Field<shipQuantity> { }
        #endregion

        #region ExtendedSales
        [PXDBDecimal]
        public virtual decimal? ExtendedSales { get; set; }
        public abstract class extendedSales : PX.Data.BQL.BqlDecimal.Field<extendedSales> { }
        #endregion

        #region BillToCustomerZip
        [PXDBString(20)]
        public virtual string BillToCustomerZip { get; set; }
        public abstract class billToCustomerZip : PX.Data.BQL.BqlString.Field<billToCustomerZip> { }
        #endregion

        #region BillToCustomerState
        [PXDBString(20)]
        public virtual string BillToCustomerState { get; set; }
        public abstract class billToCustomerState : PX.Data.BQL.BqlString.Field<billToCustomerState> { }
        #endregion

        #region SalesRep
        [PXDBString(50)]
        public virtual string SalesRep { get; set; }
        public abstract class salesRep : PX.Data.BQL.BqlString.Field<salesRep> { }
        #endregion

        #region ShipToState
        [PXDBString(20)]
        public virtual string ShipToState { get; set; }
        public abstract class shipToState : PX.Data.BQL.BqlString.Field<shipToState> { }
        #endregion

        #region ShipToZip
        [PXDBString(20)]
        public virtual string ShipToZip { get; set; }
        public abstract class shipToZip : PX.Data.BQL.BqlString.Field<shipToZip> { }
        #endregion

        #region SalesRepAssignedRule
        [PXDBString(100)]
        public virtual string SalesRepAssignedRule { get; set; }
        public abstract class salesRepAssignedRule : PX.Data.BQL.BqlString.Field<salesRepAssignedRule> { }
        #endregion

        #region PeriodDate
        [PXDBDate]
        public virtual DateTime? PeriodDate { get; set; }
        public abstract class periodDate : PX.Data.BQL.BqlDateTime.Field<periodDate> { }
        #endregion

        #region Audit Fields
        [PXDBCreatedByID]
        public virtual Guid? CreatedByID { get; set; }
        public abstract class createdByID : PX.Data.BQL.BqlGuid.Field<createdByID> { }

        [PXDBCreatedDateTime]
        public virtual DateTime? CreatedDateTime { get; set; }
        public abstract class createdDateTime : PX.Data.BQL.BqlDateTime.Field<createdDateTime> { }

        [PXDBLastModifiedByID]
        public virtual Guid? LastModifiedByID { get; set; }
        public abstract class lastModifiedByID : PX.Data.BQL.BqlGuid.Field<lastModifiedByID> { }

        [PXDBLastModifiedDateTime]
        public virtual DateTime? LastModifiedDateTime { get; set; }
        public abstract class lastModifiedDateTime : PX.Data.BQL.BqlDateTime.Field<lastModifiedDateTime> { }
        #endregion
    }
}]]></CDATA>
    </Graph>
    <Sql TableName="PRL_POS_Sales" TableSchemaXml="#CDATA">
        <CDATA name="TableSchemaXml"><![CDATA[<table name="PRL_POS_Sales">
  <col name="RecordID" type="Int" identity="true" />
  <col name="CompanyID" type="Int" default="Zero" />
  <col name="Customer" type="VarChar(50)" />
  <col name="SoldToName" type="VarChar(255)" nullable="true" />
  <col name="SaleDate" type="Date" />
  <col name="PiiPartNumber" type="VarChar(100)" nullable="true" />
  <col name="PiiCategory" type="VarChar(50)" nullable="true" />
  <col name="ShipQuantity" type="Int" nullable="true" />
  <col name="ExtendedSales" type="Decimal(18,2)" nullable="true" />
  <col name="BillToCustomerZip" type="VarChar(20)" nullable="true" />
  <col name="BillToCustomerState" type="VarChar(10)" nullable="true" />
  <col name="SalesRep" type="VarChar(50)" nullable="true" />
  <col name="ShipToState" type="VarChar(10)" nullable="true" />
  <col name="ShipToZip" type="VarChar(20)" nullable="true" />
  <col name="SalesRepAssignedRule" type="VarChar(100)" nullable="true" />
  <col name="PeriodDate" type="Date" />
  <col name="CreatedByID" type="UniqueIdentifier" nullable="true" />
  <col name="CreatedByScreenID" type="Char(8)" nullable="true" />
  <col name="CreatedDateTime" type="DateTime" nullable="true" />
  <col name="LastModifiedByID" type="UniqueIdentifier" nullable="true" />
  <col name="LastModifiedByScreenID" type="Char(8)" nullable="true" />
  <col name="LastModifiedDateTime" type="DateTime" nullable="true" />
  <col name="tstamp" type="Timestamp" />
  <col name="UsrCustomer" type="NVarChar(60)" nullable="true" />
  <index name="IX_PRL_POS_Sales_Customer_SaleDate">
    <col name="Customer" />
    <col name="SaleDate" />
  </index>
  <index name="IX_PRL_POS_Sales_PeriodDate">
    <col name="PeriodDate" />
  </index>
  <index name="IX_PRL_POS_Sales_PiiPartNumber">
    <col name="PiiPartNumber" />
  </index>
  <index name="PK__PRL_POS___FBDF78C9403D3FF7" clustered="true" primary="true" unique="true">
    <col name="RecordID" />
  </index>
</table>]]></CDATA>
    </Sql>
    <Sql TableName="PRL_POS_Sales_IX" CustomScript="#CDATA">
        <CDATA name="CustomScript"><![CDATA[-- Index on Customer + SaleDate for search and reporting
IF NOT EXISTS (
    SELECT name FROM sys.indexes 
    WHERE name = 'IX_PRL_POS_Sales_Customer_SaleDate' AND object_id = OBJECT_ID('PRL_POS_Sales')
)
BEGIN
    CREATE NONCLUSTERED INDEX IX_PRL_POS_Sales_Customer_SaleDate
    ON PRL_POS_Sales (Customer, SaleDate);
END;

-- Index on PiiPartNumber for part-level lookup
IF NOT EXISTS (
    SELECT name FROM sys.indexes 
    WHERE name = 'IX_PRL_POS_Sales_PiiPartNumber' AND object_id = OBJECT_ID('PRL_POS_Sales')
)
BEGIN
    CREATE NONCLUSTERED INDEX IX_PRL_POS_Sales_PiiPartNumber
    ON PRL_POS_Sales (PiiPartNumber);
END;

-- Index on PeriodDate for time-based filtering
IF NOT EXISTS (
    SELECT name FROM sys.indexes 
    WHERE name = 'IX_PRL_POS_Sales_PeriodDate' AND object_id = OBJECT_ID('PRL_POS_Sales')
)
BEGIN
    CREATE NONCLUSTERED INDEX IX_PRL_POS_Sales_PeriodDate
    ON PRL_POS_Sales (PeriodDate);
END;]]></CDATA>
    </Sql>
</Customization>